Model Index,Average Upper Bound,Average Lower Bound,Average Time
0,537.0,537.0,0.04630279541015625
1,537.0,537.0,0.06552457809448242
2,588.0,588.0,0.09702181816101074
3,678.0,678.0,0.28465700149536133
4,682.0,682.0,0.3784809112548828
5,682.0,682.0,0.44721150398254395
6,684.0,684.0,0.9657294750213623
7,684.0,684.0,1.1716058254241943
8,684.0,684.0,1.4004237651824951
